Time;P7_AN_1;P8_AN_1;P7_NA_1;P8_NA_1;P7_AN_2;P8_AN_2;P7_NA_2;P8_NA_2;P7_AN_3;P8_AN_3;P7_NA_3;P8_NA_3
-99;-0,0498;-0,0264;-0,1015;0,023;-0,0204;0,0313;-0,0908;-0,0524;-0,0552;0,0082;-0,0581;-0,0169
-97;-0,0403;-0,0229;-0,0991;0,0155;-0,0178;0,0515;-0,0884;-0,0411;-0,042;0,0038;-0,0622;-0,0019
-95;-0,0323;-0,0212;-0,0954;0,008;-0,0159;0,0693;-0,0858;-0,0298;-0,028;-0,0014;-0,0673;0,0122
-93;-0,0261;-0,0212;-0,0904;0,0008;-0,0146;0,0843;-0,083;-0,0188;-0,0137;-0,007;-0,0733;0,0252
-91;-0,0219;-0,0229;-0,084;-0,0058;-0,0137;0,0965;-0,0802;-0,0085;0,0003;-0,0129;-0,08;0,0369
-89;-0,0201;-0,0259;-0,0763;-0,0116;-0,013;0,1057;-0,0775;0,0009;0,0134;-0,0187;-0,0869;0,0468
-87;-0,0206;-0,03;-0,0674;-0,0165;-0,0125;0,1121;-0,0751;0,0091;0,025;-0,024;-0,0938;0,0547
-85;-0,0234;-0,0346;-0,0575;-0,0203;-0,0121;0,1158;-0,073;0,0161;0,0346;-0,0285;-0,1001;0,0604
-83;-0,0283;-0,0392;-0,0468;-0,0231;-0,0117;0,1168;-0,0712;0,0218;0,0417;-0,0319;-0,1056;0,0636
-81;-0,0349;-0,0432;-0,0357;-0,0248;-0,0113;0,1155;-0,0696;0,0264;0,0459;-0,034;-0,1098;0,0642
-79;-0,0428;-0,0461;-0,0247;-0,0254;-0,0111;0,1119;-0,0683;0,0299;0,0468;-0,0347;-0,1125;0,0621
-77;-0,0513;-0,0474;-0,0141;-0,0251;-0,0111;0,1064;-0,067;0,0326;0,0442;-0,0339;-0,1135;0,0574
-75;-0,0601;-0,0468;-0,0044;-0,0238;-0,0114;0,0992;-0,0657;0,0347;0,0382;-0,0318;-0,1125;0,0503
-73;-0,0683;-0,044;0,0039;-0,0218;-0,0121;0,0907;-0,0646;0,0363;0,0289;-0,0285;-0,1096;0,0411
-71;-0,0757;-0,039;0,0103;-0,0192;-0,0132;0,0811;-0,0634;0,0376;0,0167;-0,0241;-0,1047;0,0304
-69;-0,0815;-0,0319;0,0147;-0,0161;-0,0148;0,0709;-0,0624;0,0386;0,0019;-0,019;-0,0979;0,0186
-67;-0,0856;-0,023;0,0167;-0,0127;-0,0168;0,0604;-0,0614;0,0394;-0,0147;-0,0134;-0,0892;0,0063
-65;-0,0875;-0,0125;0,0163;-0,009;-0,0191;0,05;-0,0604;0,04;-0,0324;-0,0074;-0,0786;-0,0059
-63;-0,0871;-0,001;0,0137;-0,0053;-0,0216;0,0398;-0,0593;0,0404;-0,0505;-0,0013;-0,0664;-0,0174
-61;-0,0844;0,0111;0,0093;-0,0015;-0,0243;0,0301;-0,0579;0,0408;-0,068;0,0046;-0,0527;-0,0279
-59;-0,0795;0,0232;0,0033;0,0022;-0,0272;0,0208;-0,0559;0,0409;-0,0842;0,0101;-0,0377;-0,0369
-57;-0,0724;0,0348;-0,0034;0,0057;-0,03;0,0121;-0,053;0,0408;-0,0984;0,015;-0,0219;-0,0443
-55;-0,0636;0,0455;-0,0105;0,0092;-0,0327;0,0038;-0,0489;0,0405;-0,1097;0,019;-0,0055;-0,0499
-53;-0,0531;0,0548;-0,0171;0,0125;-0,0351;-0,0039;-0,0435;0,0396;-0,1178;0,022;0,0111;-0,0538
-51;-0,0415;0,0627;-0,0227;0,0157;-0,0372;-0,0113;-0,0367;0,0381;-0,1221;0,0237;0,0274;-0,0561
-49;-0,0291;0,0687;-0,0267;0,0187;-0,0386;-0,0183;-0,0283;0,0359;-0,1224;0,0241;0,0432;-0,057
-47;-0,0164;0,0727;-0,0288;0,0215;-0,0393;-0,0249;-0,0185;0,0328;-0,1187;0,0232;0,058;-0,0567
-45;-0,0037;0,0748;-0,0288;0,0241;-0,0392;-0,0313;-0,0072;0,0288;-0,1111;0,021;0,0715;-0,0557
-43;0,0085;0,0748;-0,0265;0,0265;-0,0381;-0,0375;0,0053;0,024;-0,1;0,0177;0,0836;-0,0541
-41;0,02;0,0729;-0,0222;0,0285;-0,036;-0,0437;0,0188;0,0187;-0,0859;0,0136;0,094;-0,0523
-39;0,0304;0,0692;-0,0159;0,0301;-0,0329;-0,0498;0,033;0,0129;-0,0694;0,0091;0,1026;-0,0504
-37;0,0396;0,0639;-0,0082;0,0312;-0,0287;-0,0559;0,0475;0,007;-0,0514;0,0043;0,1092;-0,0486
-35;0,0475;0,0572;0,0006;0,0319;-0,0236;-0,0621;0,0618;0,0011;-0,0324;-0,0002;0,1138;-0,0468
-33;0,0542;0,0493;0,01;0,0321;-0,0176;-0,0681;0,0754;-0,0045;-0,0133;-0,0042;0,1162;-0,045
-31;0,0597;0,0406;0,0196;0,0316;-0,0106;-0,0738;0,0878;-0,0099;0,0053;-0,0074;0,1165;-0,0429
-29;0,0642;0,0314;0,0289;0,0305;-0,0027;-0,079;0,0985;-0,0149;0,0229;-0,0095;0,1147;-0,0404
-27;0,0679;0,0218;0,0375;0,0288;0,0058;-0,0835;0,1069;-0,0197;0,039;-0,0103;0,1111;-0,0372
-25;0,0709;0,012;0,0451;0,0264;0,015;-0,087;0,1129;-0,0244;0,0534;-0,0099;0,1058;-0,0332
-23;0,0733;0,0024;0,0516;0,0232;0,0244;-0,0894;0,1162;-0,0288;0,0658;-0,0082;0,099;-0,028
-21;0,0752;-0,0069;0,0569;0,0192;0,0339;-0,0905;0,1168;-0,0332;0,0762;-0,0053;0,0909;-0,0217
-19;0,0768;-0,0158;0,0609;0,0142;0,043;-0,0905;0,115;-0,0374;0,0845;-0,0015;0,0818;-0,0142
-17;0,078;-0,0239;0,0638;0,0084;0,0514;-0,0894;0,1109;-0,0415;0,0907;0,0031;0,072;-0,0054
-15;0,0788;-0,031;0,0657;0,0015;0,059;-0,0873;0,105;-0,0455;0,0951;0,0081;0,0615;0,0046
-13;0,0792;-0,0369;0,0669;-0,0065;0,0655;-0,0843;0,0976;-0,0493;0,0978;0,0132;0,0508;0,0156
-11;0,0792;-0,0413;0,0675;-0,0154;0,0708;-0,0806;0,0892;-0,0528;0,099;0,0181;0,0401;0,0275
-9;0,0787;-0,0441;0,0679;-0,0253;0,075;-0,0763;0,0803;-0,0558;0,099;0,0226;0,0297;0,0399
-7;0,0777;-0,045;0,0682;-0,036;0,0781;-0,0717;0,0714;-0,0583;0,0978;0,0266;0,02;0,0525
-5;0,0762;-0,0439;0,0687;-0,0472;0,0805;-0,0669;0,0628;-0,0599;0,0957;0,0299;0,0114;0,0651
-3;0,0741;-0,0407;0,0694;-0,0586;0,0822;-0,0619;0,0551;-0,0602;0,0926;0,0328;0,0044;0,0771
-1;0,0714;-0,0353;0,0704;-0,0701;0,0836;-0,0571;0,0484;-0,0589;0,0888;0,0352;-0,0006;0,0882
1;0,0683;-0,0277;0,0718;-0,0811;0,085;-0,0524;0,0432;-0,0557;0,0842;0,0373;-0,0034;0,0981
3;0,0646;-0,0181;0,0736;-0,0913;0,0865;-0,0481;0,0393;-0,0503;0,0789;0,0395;-0,0036;0,1066
5;0,0605;-0,0065;0,0759;-0,1004;0,0886;-0,044;0,0369;-0,0424;0,0729;0,0417;-0,0013;0,1135
7;0,0561;0,0069;0,0785;-0,108;0,0914;-0,0403;0,0357;-0,032;0,0663;0,0442;0,0037;0,1188
9;0,0513;0,0216;0,0813;-0,1139;0,0951;-0,0366;0,0354;-0,0194;0,0593;0,0471;0,0111;0,1224
11;0,0462;0,0374;0,0845;-0,1179;0,0999;-0,033;0,0357;-0,0046;0,0521;0,0504;0,0209;0,1245
13;0,0408;0,0537;0,0877;-0,1197;0,1057;-0,0292;0,0364;0,0117;0,045;0,0541;0,0327;0,1251
15;0,035;0,07;0,0911;-0,1194;0,1126;-0,0251;0,0372;0,0293;0,0382;0,058;0,0462;0,1244
17;0,0288;0,0856;0,0945;-0,117;0,1203;-0,0206;0,0378;0,0474;0,0321;0,0619;0,0608;0,1225
19;0,0223;0,1001;0,0979;-0,1125;0,1284;-0,0158;0,0383;0,0655;0,0269;0,0656;0,0761;0,1194
21;0,0154;0,1129;0,1011;-0,1062;0,1366;-0,0106;0,0386;0,083;0,0229;0,0687;0,0915;0,1154
23;0,0082;0,1235;0,1041;-0,0983;0,1444;-0,0053;0,0387;0,0994;0,0201;0,0709;0,1063;0,1104
25;0,0009;0,1316;0,1068;-0,0891;0,1515;0;0,0387;0,1141;0,0186;0,0718;0,1199;0,1046
27;-0,0063;0,137;0,1091;-0,0789;0,1575;0,0051;0,0387;0,1266;0,0186;0,0711;0,1318;0,0982
29;-0,0132;0,1395;0,1109;-0,0681;0,1622;0,0099;0,0387;0,1365;0,0198;0,0685;0,1414;0,0913
31;-0,0195;0,1391;0,1121;-0,0568;0,1653;0,014;0,0387;0,1433;0,0223;0,064;0,1485;0,084
33;-0,0249;0,1359;0,1126;-0,0456;0,1667;0,0175;0,0388;0,1468;0,0257;0,0575;0,1529;0,0764
35;-0,0292;0,1302;0,1123;-0,0347;0,1663;0,02;0,039;0,1469;0,03;0,0493;0,1546;0,0687
37;-0,032;0,1222;0,1111;-0,0242;0,1642;0,0216;0,0394;0,1437;0,0347;0,0395;0,1537;0,0609
39;-0,0332;0,1123;0,109;-0,0145;0,1603;0,0221;0,04;0,1373;0,0397;0,0286;0,1505;0,0531
41;-0,0328;0,1011;0,1058;-0,0057;0,1547;0,0216;0,0407;0,128;0,0447;0,017;0,1454;0,0454
43;-0,0308;0,0892;0,1017;0,002;0,1475;0,0199;0,0417;0,1163;0,0496;0,0051;0,1388;0,0379
45;-0,0271;0,0771;0,0967;0,0086;0,1389;0,0174;0,0427;0,1026;0,0542;-0,0067;0,1312;0,0307
47;-0,0221;0,0655;0,0909;0,0142;0,1293;0,0141;0,0437;0,0873;0,0584;-0,0177;0,1232;0,0239
49;-0,0159;0,055;0,0845;0,0186;0,1189;0,0104;0,0445;0,071;0,0623;-0,0277;0,1153;0,0177
51;-0,0089;0,046;0,0776;0,022;0,1082;0,0065;0,0449;0,054;0,066;-0,0362;0,108;0,0123
53;-0,0013;0,0389;0,0707;0,0245;0,0977;0,0028;0,0448;0,0368;0,0696;-0,0429;0,1018;0,0077
55;0,0065;0,0338;0,0639;0,0262;0,0878;-0,0005;0,0442;0,0199;0,0731;-0,0475;0,097;0,0041
57;0,0143;0,0309;0,0575;0,0273;0,0789;-0,0033;0,0431;0,0036;0,0768;-0,0499;0,0939;0,0016
59;0,0218;0,0298;0,052;0,0279;0,0713;-0,0054;0,0416;-0,0115;0,0807;-0,05;0,0926;0,0003
61;0,0289;0,0305;0,0475;0,0282;0,0653;-0,007;0,0399;-0,0252;0,0848;-0,0479;0,093;0,0003
63;0,0355;0,0325;0,0444;0,0282;0,061;-0,0082;0,0382;-0,0371;0,0892;-0,0438;0,0949;0,0015
65;0,0417;0,0354;0,0428;0,0283;0,0585;-0,0091;0,0366;-0,0471;0,0938;-0,0377;0,0981;0,0039
67;0,0476;0,0387;0,0428;0,0285;0,0577;-0,0099;0,0354;-0,0551;0,0986;-0,0302;0,102;0,0076
69;0,0532;0,042;0,0445;0,0289;0,0587;-0,0108;0,0347;-0,0612;0,1034;-0,0214;0,1063;0,0124
71;0,0587;0,0448;0,0478;0,0296;0,0611;-0,0119;0,0346;-0,0654;0,1081;-0,0118;0,1104;0,0182
73;0,0642;0,0467;0,0526;0,0309;0,0649;-0,0133;0,0352;-0,0681;0,1127;-0,0018;0,1139;0,0248
75;0,0696;0,0472;0,0584;0,0326;0,0697;-0,0152;0,0366;-0,0695;0,1168;0,0083;0,1165;0,032
77;0,075;0,0461;0,0651;0,0348;0,0752;-0,0177;0,0388;-0,07;0,1204;0,0181;0,1177;0,0395
79;0,0802;0,0432;0,0722;0,0376;0,081;-0,0207;0,0419;-0,07;0,1232;0,0271;0,1173;0,047
81;0,0852;0,0385;0,0794;0,0406;0,0869;-0,0244;0,046;-0,0699;0,1251;0,0349;0,1153;0,0541
83;0,0897;0,032;0,0863;0,0439;0,0926;-0,0288;0,0511;-0,07;0,126;0,0411;0,1117;0,0608
85;0,0936;0,0241;0,0926;0,0472;0,0979;-0,0337;0,0572;-0,0709;0,1258;0,0455;0,1066;0,0668
87;0,0968;0,0151;0,098;0,0502;0,1028;-0,0392;0,0643;-0,0728;0,1246;0,0476;0,1003;0,072
89;0,0992;0,0056;0,1024;0,0527;0,1074;-0,0449;0,0723;-0,076;0,1225;0,0474;0,0933;0,0763
91;0,1008;-0,0039;0,1058;0,0547;0,1119;-0,0506;0,0813;-0,0807;0,1197;0,0449;0,0862;0,0798
93;0,1015;-0,0125;0,1083;0,056;0,1167;-0,0559;0,0911;-0,0867;0,1164;0,0403;0,0796;0,0827
95;0,1017;-0,0194;0,1101;0,0568;0,1221;-0,0604;0,1019;-0,0938;0,113;0,0342;0,0745;0,0852
97;0,1017;-0,0239;0,1117;0,0573;0,1285;-0,0634;0,1138;-0,1013;0,11;0,027;0,0715;0,0876
99;0,1019;-0,0247;0,1136;0,0582;0,1364;-0,0646;0,1271;-0,1084;0,1078;0,0198;0,0716;0,0904
101;0,1031;-0,021;0,1164;0,06;0,1462;-0,0632;0,1418;-0,1138;0,1072;0,0136;0,0754;0,0943
103;0,1062;-0,0116;0,1209;0,0638;0,1585;-0,0586;0,1583;-0,1163;0,1089;0,0094;0,0835;0,1001
105;0,1122;0,0046;0,1279;0,0707;0,1737;-0,0499;0,1769;-0,1143;0,1137;0,0087;0,0966;0,1086
107;0,1224;0,0289;0,1385;0,0823;0,1926;-0,0362;0,1978;-0,1061;0,1225;0,0126;0,115;0,1209
109;0,138;0,0622;0,1535;0,0999;0,2158;-0,0166;0,2212;-0,0904;0,1365;0,0225;0,1393;0,1381
111;0,1603;0,1055;0,174;0,1253;0,244;0,0101;0,2477;-0,0653;0,1566;0,0398;0,1696;0,1613
113;0,1908;0,1596;0,2009;0,1601;0,2778;0,0448;0,2776;-0,0296;0,1839;0,0656;0,2065;0,1916
115;0,2306;0,2252;0,2354;0,206;0,318;0,0885;0,3115;0,0182;0,2195;0,1011;0,2502;0,2301
117;0,2808;0,3026;0,2783;0,2646;0,3649;0,1422;0,3499;0,0792;0,2641;0,1474;0,3009;0,2777
119;0,342;0,3921;0,3304;0,337;0,4191;0,2065;0,3936;0,1541;0,3183;0,2052;0,3589;0,3352
121;0,4147;0,4938;0,3924;0,4242;0,4808;0,2819;0,443;0,2435;0,3824;0,2752;0,4243;0,4032
123;0,4989;0,6073;0,4645;0,5269;0,55;0,3689;0,4988;0,3474;0,4564;0,3578;0,4969;0,4821
125;0,5941;0,7322;0,5469;0,6451;0,6265;0,4674;0,5612;0,4654;0,5399;0,4529;0,5767;0,5721
127;0,6995;0,8679;0,6392;0,7783;0,7101;0,5775;0,6304;0,5967;0,632;0,5606;0,6631;0,6732
129;0,8135;1,0135;0,7407;0,9257;0,8;0,6986;0,7062;0,74;0,7316;0,6804;0,7556;0,7849
131;0,9345;1,1679;0,8502;1,0859;0,8953;0,8302;0,7881;0,8935;0,8371;0,8115;0,8532;0,9068
133;1,0602;1,3297;0,9662;1,2569;0,9949;0,9714;0,8755;1,0553;0,9468;0,9531;0,9552;1,0381
135;1,1879;1,4976;1,0867;1,4365;1,0973;1,1208;0,9674;1,2232;1,0585;1,104;1,06;1,1776
137;1,315;1,6698;1,2095;1,6221;1,2007;1,2771;1,0624;1,3948;1,1703;1,2627;1,1665;1,324
139;1,4385;1,8445;1,332;1,8108;1,3033;1,4384;1,1591;1,5677;1,2797;1,4273;1,273;1,4759
141;1,5555;2,0198;1,4516;1,9995;1,4029;1,6026;1,2558;1,7393;1,3847;1,596;1,3777;1,6313
143;1,663;2,1933;1,5654;2,1849;1,4972;1,7672;1,3504;1,907;1,483;1,7662;1,4786;1,7882
145;1,7585;2,3626;1,6706;2,3637;1,5838;1,9294;1,4408;2,068;1,5727;1,9354;1,5739;1,9442
147;1,8393;2,5248;1,7643;2,5324;1,6606;2,0863;1,5246;2,2197;1,6519;2,1007;1,6613;2,0969
149;1,9031;2,6769;1,8439;2,6875;1,7252;2,2346;1,5991;2,3592;1,7188;2,2589;1,7388;2,2432
151;1,9481;2,8153;1,9067;2,8255;1,7755;2,3708;1,6619;2,4836;1,7718;2,4068;1,8041;2,3802
153;1,9726;2,9365;1,9506;2,943;1,8094;2,4911;1,7103;2,59;1,8097;2,5408;1,8551;2,5046
155;1,9754;3,0367;1,9735;3,0366;1,8252;2,592;1,7419;2,6757;1,831;2,6576;1,8898;2,6129
157;1,9558;3,112;1,9739;3,1032;1,8213;2,6698;1,7545;2,738;1,8347;2,7538;1,9065;2,7019
159;1,9135;3,1589;1,9509;3,14;1,7963;2,7211;1,7464;2,7746;1,8199;2,8262;1,9035;2,7682
161;1,8487;3,174;1,9039;3,1447;1,7495;2,7427;1,7159;2,7834;1,786;2,872;1,8796;2,8088
163;1,7622;3,1548;1,8331;3,1154;1,6803;2,7323;1,6624;2,7628;1,7325;2,8887;1,8339;2,8214
165;1,6551;3,0991;1,7391;3,0508;1,5889;2,688;1,5853;2,7116;1,6594;2,8745;1,7661;2,804
167;1,529;3,0058;1,6232;2,9504;1,4759;2,6088;1,485;2,629;1,5671;2,828;1,6764;2,7552
169;1,3859;2,8747;1,4873;2,8145;1,3427;2,4946;1,3623;2,515;1,4564;2,7488;1,5656;2,6747
171;1,2281;2,7065;1,3335;2,6441;1,191;2,3463;1,2186;2,3701;1,3286;2,6371;1,4352;2,5627
173;1,058;2,5029;1,1644;2,441;1,0232;2,1656;1,0562;2,1957;1,1854;2,4939;1,2871;2,4203
175;0,8784;2,2664;0,983;2,2081;0,8422;1,9549;0,8777;1,9937;1,0289;2,3212;1,124;2,2495
177;0,6919;2,0006;0,7921;1,9486;0,6509;1,7177;0,6863;1,7668;0,8617;2,1215;0,9489;2,053
179;0,5014;1,7098;0,595;1,6669;0,4529;1,4577;0,4857;1,5185;0,6867;1,898;0,7651;1,8342
181;0,3096;1,3988;0,3945;1,3676;0,2518;1,1796;0,2798;1,2528;0,507;1,6547;0,5762;1,597
183;0,1193;1,073;0,1937;1,0558;0,0514;0,888;0,0725;0,9741;0,326;1,3957;0,3861;1,3458
185;-0,0668;0,7383;-0,0046;0,7371;-0,1446;0,5884;-0,1319;0,6873;0,1473;1,1259;0,1985;1,0856
187;-0,2462;0,4006;-0,1975;0,4173;-0,3323;0,2861;-0,3296;0,3977;-0,0255;0,8502;0,0171;0,8216
189;-0,4161;0,066;-0,3824;0,102;-0,5079;-0,0131;-0,5165;0,1106;-0,1887;0,5738;-0,1542;0,5588
191;-0,5742;-0,2596;-0,5568;-0,2029;-0,6677;-0,3038;-0,6891;-0,1686;-0,3387;0,302;-0,312;0,3028
193;-0,7179;-0,5705;-0,7181;-0,492;-0,8083;-0,5802;-0,844;-0,4344;-0,472;0,0402;-0,4531;0,0586
195;-0,845;-0,8613;-0,8641;-0,7601;-0,9267;-0,8372;-0,978;-0,6814;-0,5854;-0,2064;-0,5745;-0,1687
197;-0,9533;-1,1271;-0,9925;-1,0024;-1,0199;-1,0697;-1,0883;-0,9044;-0,6759;-0,4327;-0,6736;-0,3743
199;-1,0409;-1,3636;-1,1013;-1,2145;-1,0856;-1,2732;-1,1726;-1,0986;-0,741;-0,6339;-0,7481;-0,5539
201;-1,106;-1,5671;-1,1885;-1,3927;-1,1219;-1,4435;-1,2288;-1,2596;-0,7784;-0,8056;-0,7965;-0,7036
203;-1,1472;-1,7345;-1,2525;-1,5339;-1,1272;-1,5771;-1,2554;-1,3835;-0,7866;-0,944;-0,8175;-0,8199
205;-1,1634;-1,8635;-1,2921;-1,636;-1,1006;-1,6712;-1,2514;-1,4672;-0,7644;-1,0458;-0,8104;-0,9001
207;-1,154;-1,9523;-1,3063;-1,6972;-1,0416;-1,7233;-1,2163;-1,5082;-0,7112;-1,1084;-0,7748;-0,9419
209;-1,1189;-2,0003;-1,2945;-1,7169;-0,9501;-1,7321;-1,1502;-1,5051;-0,6269;-1,1302;-0,7111;-0,9439
211;-1,0582;-2,0072;-1,2568;-1,6953;-0,8268;-1,6967;-1,0537;-1,4573;-0,5122;-1,1099;-0,6196;-0,9055
213;-0,9729;-1,9737;-1,1936;-1,633;-0,673;-1,6171;-0,9277;-1,365;-0,3681;-1,0476;-0,5015;-0,8266
215;-0,8643;-1,901;-1,1059;-1,5319;-0,4904;-1,4941;-0,7737;-1,2292;-0,1965;-0,9438;-0,358;-0,7082
217;-0,7343;-1,7911;-0,9951;-1,3942;-0,2812;-1,3294;-0,5935;-1,0517;0,0004;-0,8;-0,1907;-0,5519
219;-0,5852;-1,6465;-0,8632;-1,2229;-0,0485;-1,1253;-0,3894;-0,8353;0,2198;-0,6183;-0,0017;-0,36
221;-0,4195;-1,47;-0,7124;-1,0214;0,2046;-0,8849;-0,1637;-0,5831;0,4586;-0,4019;0,2068;-0,1353
223;-0,2403;-1,265;-0,5456;-0,7936;0,4745;-0,6119;0,0806;-0,2989;0,7132;-0,154;0,4322;0,1188
225;-0,0505;-1,0351;-0,3655;-0,5437;0,7573;-0,3103;0,3405;0,013;0,98;0,1212;0,6718;0,3986
227;0,1467;-0,7842;-0,1754;-0,276;1,0492;0,0154;0,6127;0,348;1,2551;0,4196;0,9225;0,7
229;0,3483;-0,5164;0,0215;0,0051;1,3463;0,3606;0,8938;0,7012;1,5348;0,7365;1,1814;1,0187
231;0,5513;-0,2357;0,2219;0,2952;1,6447;0,7207;1,1803;1,0677;1,8154;1,0675;1,4452;1,3506
233;0,7531;0,0536;0,4228;0,5899;1,9408;1,0909;1,4687;1,4427;2,0934;1,408;1,7111;1,6913
235;0,9511;0,3476;0,6213;0,8854;2,2311;1,4667;1,7558;1,8214;2,3656;1,7537;1,9759;2,0366
237;1,1432;0,6422;0,8147;1,1778;2,5124;1,8437;2,0384;2,1994;2,6291;2,1007;2,2369;2,3828
239;1,3277;0,9339;1,0009;1,4639;2,782;2,2178;2,3136;2,5726;2,8817;2,445;2,4915;2,7261
241;1,5031;1,2194;1,1781;1,7407;3,0374;2,5849;2,579;2,9372;3,1211;2,7834;2,7374;3,0633
243;1,6684;1,4957;1,3449;2,0056;3,2767;2,9416;2,8323;3,2897;3,3461;3,1128;2,9726;3,3914
245;1,823;1,7603;1,5004;2,2567;3,4984;3,2848;3,0716;3,6271;3,5554;3,4305;3,1953;3,7079
247;1,9663;2,0111;1,6441;2,4924;3,7017;3,6119;3,2956;3,9469;3,7485;3,7343;3,4042;4,0107
249;2,0983;2,2466;1,7759;2,7116;3,8859;3,9205;3,503;4,2467;3,9252;4,0223;3,5983;4,298
251;2,2189;2,4654;1,896;2,9135;4,0512;4,2089;3,693;4,5246;4,0855;4,293;3,7771;4,5683
253;2,3283;2,6667;2,0049;3,0978;4,1978;4,4758;3,8654;4,7792;4,2299;4,5452;3,9403;4,8203
255;2,4268;2,8499;2,103;3,2642;4,3263;4,72;4,0199;5,0095;4,3589;4,7781;4,088;5,0532
257;2,5146;3,0149;2,1911;3,4128;4,4375;4,9411;4,1568;5,2148;4,4733;4,991;4,2206;5,2661
259;2,5922;3,1618;2,2701;3,544;4,5324;5,1384;4,2766;5,3948;4,5737;5,1837;4,3386;5,4586
261;2,6598;3,2906;2,3405;3,6579;4,6119;5,3121;4,38;5,5496;4,6609;5,356;4,4427;5,6302
263;2,7177;3,402;2,4032;3,7552;4,6771;5,4622;4,4676;5,6795;4,7357;5,5082;4,5337;5,7809
265;2,7664;3,4965;2,4588;3,8362;4,729;5,5893;4,5403;5,7851;4,7989;5,6404;4,6124;5,9107
267;2,8061;3,5748;2,5077;3,9018;4,7687;5,694;4,599;5,8672;4,8511;5,7533;4,6799;6,02
269;2,8372;3,6379;2,5504;3,9524;4,7972;5,7774;4,6444;5,9269;4,8931;5,8475;4,7369;6,1093
271;2,8601;3,6865;2,5874;3,9891;4,8155;5,8405;4,6775;5,9654;4,9255;5,924;4,7843;6,1793
273;2,8753;3,7218;2,6188;4,0129;4,8245;5,8849;4,6991;5,9841;4,9491;5,9839;4,8232;6,2308
275;2,8831;3,7446;2,6448;4,0247;4,825;5,9117;4,7101;5,9847;4,9644;6,0284;4,8543;6,265
277;2,8842;3,7562;2,6659;4,026;4,8179;5,9226;4,7116;5,9689;4,9721;6,0589;4,8784;6,283
279;2,8792;3,7577;2,6821;4,018;4,8038;5,9189;4,7046;5,9385;4,9729;6,0769;4,8964;6,2863
281;2,8689;3,7505;2,6938;4,0024;4,7832;5,9022;4,6903;5,8956;4,9674;6,0839;4,9089;6,2764
283;2,8541;3,7357;2,7014;3,9806;4,7568;5,8737;4,6697;5,8422;4,9564;6,0812;4,9165;6,255
285;2,8357;3,715;2,7053;3,9544;4,7251;5,8351;4,6438;5,7802;4,9405;6,0704;4,9198;6,224
287;2,8148;3,6897;2,7059;3,9254;4,6887;5,7877;4,6138;5,7114;4,9206;6,0527;4,9195;6,1853
289;2,7924;3,6613;2,7036;3,8952;4,6481;5,7331;4,5806;5,6376;4,8975;6,0295;4,9159;6,1407
291;2,7698;3,6314;2,6989;3,8653;4,6041;5,6728;4,5451;5,5606;4,872;6,0021;4,9097;6,0921
293;2,7479;3,6012;2,6923;3,8371;4,5573;5,6082;4,5081;5,4818;4,8451;5,9714;4,9012;6,0415
295;2,7279;3,5721;2,6842;3,8119;4,5086;5,541;4,4703;5,4029;4,8177;5,9386;4,8911;5,9904
297;2,7106;3,5452;2,6749;3,7908;4,4588;5,4725;4,4325;5,3253;4,7905;5,9045;4,8796;5,9403
299;2,697;3,5216;2,6648;3,7746;4,4088;5,4042;4,3952;5,2504;4,7644;5,8701;4,8673;5,8926
301;2,6877;3,5022;2,6542;3,7641;4,3593;5,3373;4,3589;5,1795;4,7401;5,836;4,8544;5,8485
303;2,6833;3,4876;2,6433;3,7596;4,3113;5,273;4,3242;5,114;4,7181;5,803;4,8411;5,8088
305;2,6839;3,4784;2,6322;3,7617;4,2657;5,2126;4,2913;5,0548;4,6989;5,7714;4,8277;5,7743
307;2,6898;3,475;2,621;3,7703;4,2234;5,1571;4,2606;5,0029;4,683;5,7419;4,8143;5,7455
309;2,7007;3,4776;2,6097;3,7855;4,1852;5,1073;4,232;4,9591;4,6705;5,7148;4,8009;5,7228
311;2,7161;3,4862;2,5985;3,8071;4,1519;5,0642;4,2059;4,924;4,6616;5,6906;4,7877;5,7062
313;2,7357;3,5005;2,5872;3,8349;4,1242;5,0284;4,1821;4,898;4,6563;5,6696;4,7745;5,6959
315;2,7584;3,5203;2,576;3,8684;4,1023;5,0002;4,1609;4,8812;4,6543;5,6521;4,7615;5,6917
317;2,7835;3,545;2,5649;3,907;4,0867;4,9798;4,1421;4,8737;4,6555;5,6386;4,7486;5,6934
319;2,81;3,574;2,554;3,9502;4,0771;4,9673;4,1258;4,8753;4,6594;5,6291;4,7357;5,7005
321;2,8368;3,6066;2,5433;3,9972;4,0734;4,9624;4,1121;4,8855;4,6656;5,6238;4,7229;5,7127
323;2,8631;3,6421;2,533;4,0472;4,0751;4,9645;4,1007;4,9037;4,6735;5,6227;4,7099;5,7296
325;2,8879;3,6796;2,5231;4,0993;4,0815;4,9731;4,0916;4,929;4,6826;5,6257;4,6966;5,7505
327;2,9105;3,7184;2,5138;4,1527;4,0919;4,9874;4,0844;4,9601;4,6924;5,6325;4,683;5,7751
329;2,9304;3,7576;2,505;4,2063;4,1055;5,0067;4,0787;4,9959;4,7022;5,6427;4,6689;5,8026
331;2,947;3,7967;2,497;4,2594;4,1212;5,03;4,0742;5,0347;4,7117;5,6557;4,6543;5,8323
333;2,9602;3,8347;2,4896;4,311;4,1382;5,0565;4,0703;5,0753;4,7201;5,671;4,6391;5,8635
335;2,9698;3,8713;2,4828;4,3601;4,1553;5,0851;4,0664;5,1161;4,727;5,6878;4,6234;5,8953
337;2,9759;3,9057;2,4765;4,406;4,1716;5,1149;4,0622;5,1557;4,7318;5,7054;4,607;5,9268
339;2,9787;3,9376;2,4707;4,4479;4,1861;5,145;4,0572;5,1929;4,734;5,7228;4,5901;5,957
341;2,9783;3,9667;2,4653;4,4852;4,1979;5,1744;4,0509;5,2267;4,7329;5,7394;4,5724;5,985
343;2,975;3,9927;2,4602;4,5172;4,2061;5,2022;4,0429;5,2561;4,7281;5,7542;4,5541;6,0097
345;2,9693;4,0156;2,4554;4,5436;4,2101;5,2278;4,033;5,2803;4,7191;5,7666;4,5351;6,0303
347;2,9613;4,0354;2,4508;4,564;4,2094;5,2505;4,0208;5,2986;4,7054;5,7758;4,5153;6,0458
349;2,9514;4,052;2,4464;4,5782;4,2037;5,2695;4,0061;5,3107;4,6867;5,7813;4,4946;6,0556
351;2,9396;4,0657;2,4422;4,5862;4,1928;5,2846;3,9886;5,3163;4,6629;5,7827;4,473;6,059
353;2,9263;4,0767;2,4381;4,5882;4,1766;5,2953;3,9682;5,3152;4,6337;5,7797;4,4506;6,0555
355;2,9114;4,0851;2,4342;4,5845;4,1553;5,3011;3,9449;5,3076;4,5992;5,7721;4,4272;6,0448
357;2,895;4,0911;2,4304;4,5756;4,129;5,302;3,9187;5,2939;4,5593;5,7599;4,4027;6,0267
359;2,877;4,0952;2,4267;4,5621;4,098;5,2975;3,8896;5,2744;4,5143;5,7431;4,377;6,0012
361;2,8577;4,0974;2,423;4,5446;4,0623;5,2875;3,8576;5,2499;4,4646;5,7217;4,3498;5,9687
363;2,8368;4,0982;2,4194;4,524;4,0224;5,272;3,8228;5,2209;4,4103;5,696;4,3208;5,9295
365;2,8146;4,098;2,4155;4,501;3,9785;5,2511;3,7852;5,1881;4,3522;5,6661;4,2897;5,8844
367;2,7911;4,097;2,4115;4,4765;3,931;5,2248;3,7447;5,1521;4,2907;5,6322;4,256;5,834
369;2,7664;4,0955;2,4072;4,4512;3,8803;5,1935;3,7015;5,1136;4,2265;5,5945;4,2194;5,7793
371;2,7406;4,0939;2,4025;4,4258;3,8269;5,1576;3,6554;5,0729;4,1602;5,5534;4,1796;5,7212
373;2,7137;4,0924;2,3973;4,401;3,7711;5,1178;3,6068;5,0306;4,0926;5,509;4,1363;5,6605
375;2,6861;4,0912;2,3914;4,3772;3,7134;5,0744;3,5558;4,987;4,0242;5,4618;4,0895;5,5982
377;2,6576;4,0905;2,3849;4,3549;3,6542;5,0283;3,5028;4,9423;3,9554;5,4123;4,0392;5,5348
379;2,6286;4,0903;2,3777;4,3343;3,5937;4,9799;3,4485;4,897;3,8868;5,3608;3,9854;5,4711
381;2,599;4,0908;2,3699;4,3157;3,5323;4,9299;3,3935;4,8511;3,8186;5,3079;3,9285;5,4074
383;2,5692;4,0921;2,3613;4,2992;3,4703;4,8789;3,3384;4,8049;3,7511;5,254;3,8688;5,3442
385;2,5393;4,0942;2,3522;4,2847;3,4081;4,8276;3,284;4,7586;3,6844;5,1996;3,8067;5,2816
387;2,5096;4,0972;2,3426;4,2723;3,3459;4,7765;3,2309;4,712;3,6187;5,1452;3,743;5,2199
389;2,4803;4,1009;2,3326;4,2619;3,2841;4,7264;3,1797;4,6654;3,5541;5,0914;3,6783;5,159
391;2,4518;4,1054;2,3222;4,2534;3,2233;4,6777;3,1308;4,6188;3,4908;5,0385;3,6136;5,0989
393;2,4243;4,1106;2,3117;4,2466;3,1638;4,631;3,0847;4,5722;3,4289;4,987;3,5495;5,0397
395;2,3982;4,1164;2,3011;4,2413;3,106;4,5866;3,0415;4,5259;3,3688;4,9372;3,4871;4,9811
397;2,3738;4,1225;2,2905;4,2373;3,0503;4,5446;3,0015;4,4801;3,3105;4,8895;3,4271;4,9233
399;2,3515;4,1289;2,2802;4,2345;2,9971;4,5052;2,9647;4,4351;3,2545;4,844;3,3703;4,866
401;2,3314;4,1355;2,2702;4,2325;2,9467;4,4684;2,931;4,3913;3,201;4,8009;3,3173;4,8095
403;2,3138;4,1422;2,2606;4,231;2,8995;4,4339;2,9005;4,3491;3,1503;4,7602;3,2684;4,7538
405;2,299;4,1488;2,2517;4,2298;2,8557;4,4015;2,8729;4,3088;3,1026;4,7219;3,2239;4,6991
407;2,2871;4,1554;2,2435;4,2286;2,8157;4,3711;2,848;4,2707;3,0582;4,6857;3,1837;4,6458
409;2,2781;4,1619;2,236;4,2273;2,7797;4,3424;2,8254;4,2351;3,0173;4,6516;3,1478;4,5942
411;2,272;4,1682;2,2294;4,2255;2,7479;4,3152;2,8049;4,202;2,98;4,6195;3,1158;4,5446
413;2,2688;4,1742;2,2237;4,2234;2,7205;4,2893;2,7862;4,1716;2,9463;4,5893;3,0873;4,4973
415;2,2681;4,18;2,2188;4,2207;2,6975;4,2646;2,7691;4,144;2,9162;4,5606;3,062;4,4525
417;2,2696;4,1853;2,2148;4,2175;2,6787;4,2409;2,7535;4,1192;2,8893;4,5336;3,0392;4,4104
419;2,273;4,1901;2,2117;4,214;2,6639;4,218;2,7394;4,0973;2,8654;4,508;3,0183;4,371
421;2,2777;4,1942;2,2095;4,2102;2,6527;4,1958;2,7267;4,0782;2,8441;4,4838;2,9987;4,3342
423;2,2833;4,1976;2,2082;4,2062;2,6447;4,174;2,7152;4,0618;2,8248;4,4607;2,9798;4,3001
425;2,2892;4,2001;2,2079;4,2022;2,6392;4,1525;2,7051;4,0478;2,8071;4,4385;2,961;4,2685
427;2,2948;4,2018;2,2086;4,1981;2,6358;4,1311;2,696;4,0359;2,7903;4,417;2,9419;4,2391
429;2,2998;4,2025;2,2103;4,1942;2,6339;4,1098;2,6877;4,0257;2,7739;4,3959;2,922;4,2118
431;2,3037;4,2022;2,213;4,1902;2,633;4,0885;2,68;4,0166;2,7574;4,3749;2,901;4,1863
433;2,3061;4,2008;2,2167;4,1863;2,6327;4,0671;2,6725;4,0082;2,7403;4,3536;2,8787;4,1625
435;2,3068;4,1983;2,2212;4,1822;2,6326;4,0455;2,665;3,9998;2,7223;4,3317;2,8552;4,1399
437;2,3056;4,1947;2,2263;4,1779;2,6323;4,0236;2,6571;3,991;2,7031;4,3088;2,8304;4,1182
439;2,3026;4,19;2,2319;4,1733;2,6315;4,0013;2,6487;3,9814;2,6824;4,2846;2,8045;4,0973
441;2,2978;4,1841;2,2377;4,1681;2,63;3,9785;2,6395;3,9706;2,6602;4,2588;2,7777;4,0767
443;2,2914;4,177;2,2432;4,1622;2,6277;3,955;2,6294;3,9583;2,6364;4,2312;2,75;4,0562
445;2,2836;4,169;2,2482;4,1555;2,6245;3,9308;2,6181;3,9444;2,6111;4,2016;2,7218;4,0354
447;2,2747;4,16;2,2522;4,1477;2,6205;3,9058;2,6057;3,9285;2,5844;4,17;2,6932;4,014
449;2,2651;4,1503;2,2549;4,1387;2,6158;3,8802;2,5921;3,9107;2,5567;4,1365;2,6645;3,992
451;2,2549;4,14;2,2561;4,1284;2,6107;3,854;2,5772;3,8907;2,5281;4,1013;2,6359;3,9689
453;2,2445;4,1292;2,2554;4,1165;2,6054;3,8274;2,5611;3,8686;2,4989;4,0647;2,6077;3,9447
455;2,234;4,1178;2,2529;4,1029;2,6;3,8005;2,5441;3,8445;2,4696;4,0272;2,5802;3,9192
457;2,2235;4,106;2,2485;4,0874;2,5945;3,7734;2,5263;3,8185;2,4403;3,9892;2,5535;3,8923
459;2,2131;4,0937;2,2423;4,07;2,5889;3,7462;2,5081;3,7908;2,4113;3,9513;2,5279;3,864
461;2,2028;4,0809;2,2347;4,0507;2,5831;3,7189;2,4899;3,7618;2,3829;3,914;2,5034;3,8342
463;2,1924;4,0673;2,2258;4,0293;2,5769;3,6914;2,4718;3,7316;2,3551;3,8775;2,4801;3,8031
465;2,182;4,0529;2,2162;4,0061;2,5702;3,6638;2,4542;3,7005;2,3283;3,8422;2,458;3,7707
467;2,1715;4,0376;2,2062;3,9811;2,5627;3,636;2,4373;3,6685;2,3024;3,8081;2,4371;3,7371
469;2,1607;4,0211;2,1963;3,9545;2,5544;3,608;2,4211;3,6358;2,2776;3,7752;2,4172;3,7027
471;2,1496;4,0034;2,1868;3,9265;2,5451;3,5796;2,4057;3,6024;2,254;3,7434;2,3984;3,6675
473;2,1382;3,9843;2,178;3,8975;2,5349;3,5511;2,3911;3,5682;2,2317;3,7124;2,3803;3,6317
475;2,1266;3,9636;2,1701;3,8678;2,5238;3,5221;2,3772;3,5332;2,2106;3,6818;2,3629;3,5954
477;2,1147;3,9411;2,1631;3,8377;2,512;3,4928;2,3641;3,4974;2,1908;3,6511;2,3459;3,5587
479;2,1028;3,9169;2,1572;3,8075;2,4994;3,4628;2,3517;3,461;2,1722;3,62;2,329;3,5219
481;2,091;3,8908;2,1521;3,7774;2,4862;3,432;2,34;3,4239;2,1546;3,5879;2,312;3,4849
483;2,0796;3,8629;2,1478;3,7476;2,4726;3,4003;2,3288;3,3864;2,1379;3,5543;2,2944;3,4478
485;2,069;3,8333;2,1441;3,7183;2,4587;3,3674;2,3181;3,3486;2,1219;3,5188;2,2759;3,4108
487;2,0592;3,802;2,1406;3,6894;2,4446;3,3333;2,3076;3,3105;2,1063;3,481;2,2564;3,3738
489;2,0507;3,7692;2,1371;3,6609;2,4305;3,2978;2,2971;3,2724;2,0911;3,4408;2,2355;3,3369
491;2,0436;3,735;2,1334;3,6326;2,4164;3,2609;2,2864;3,2342;2,076;3,3981;2,2132;3,2999
493;2,0379;3,6994;2,1292;3,6044;2,4023;3,2226;2,2751;3,196;2,0608;3,3531;2,1895;3,263
495;2,0338;3,6627;2,1242;3,576;2,388;3,1831;2,2631;3,1579;2,0454;3,3059;2,1647;3,2259
497;2,031;3,6247;2,1183;3,5472;2,3735;3,1424;2,25;3,1199;2,0297;3,2571;2,1388;3,1886
499;2,0295;3,5855;2,1112;3,5178;2,3585;3,1005;2,2358;3,0822;2,0135;3,2071;2,1122;3,1508
